[{"parent_id":"670","cid_str":"670;677","cid":"677","name":"\u7535\u8111\u914d\u4ef6"},{"parent_id":"670","cid_str":"670;686","cid":"686","name":"\u5916\u8bbe\u4ea7\u54c1"},{"parent_id":"9987","cid_str":"9987;653","cid":"653","name":"\u624b\u673a\u901a\u8baf"},{"parent_id":"670","cid_str":"670;729","cid":"729","name":"\u6587\u5177\/\u8017\u6750"},{"parent_id":"9987","cid_str":"9987;830","cid":"830","name":"\u624b\u673a\u914d\u4ef6"},{"parent_id":"670","cid_str":"670;699","cid":"699","name":"\u7f51\u7edc\u4ea7\u54c1"},{"parent_id":"670","cid_str":"670;671","cid":"671","name":"\u7535\u8111\u6574\u673a"},{"parent_id":"1318","cid_str":"1318;1466","cid":"1466","name":"\u4f53\u80b2\u7528\u54c1"},{"parent_id":"670","cid_str":"670;716","cid":"716","name":"\u529e\u516c\u8bbe\u5907"},{"parent_id":"1672","cid_str":"1672;2577","cid":"2577","name":"\u529f\u80fd\u7bb1\u5305"},{"parent_id":"1318","cid_str":"1318;1462","cid":"1462","name":"\u6237\u5916\u88c5\u5907"},{"parent_id":"1318","cid_str":"1318;1463","cid":"1463","name":"\u5065\u8eab\u8bad\u7ec3"},{"parent_id":"1672","cid_str":"1672;2576","cid":"2576","name":"\u7cbe\u54c1\u7537\u5305"},{"parent_id":"670","cid_str":"670;12800","cid":"12800","name":"\u6e38\u620f\u8bbe\u5907"},{"parent_id":"670","cid_str":"670;807","cid":"807","name":"\u8d60\u54c1"}]