[{"parent_id":"677","cid_str":"670;677;680","cid":"680","name":"\u5185\u5b58","pic":"pic\/cate_pic_0.png"},{"parent_id":"686","cid_str":"670;686;689","cid":"689","name":"\u952e\u76d8","pic":"pic\/cate_pic_1.png"},{"parent_id":"653","cid_str":"9987;653;655","cid":"655","name":"\u624b\u673a","pic":"pic\/cate_pic_2.png"},{"parent_id":"729","cid_str":"670;729;2603","cid":"2603","name":"\u7b14\u7c7b","pic":"pic\/cate_pic_3.png"},{"parent_id":"686","cid_str":"670;686;694","cid":"694","name":"U\u76d8","pic":"pic\/cate_pic_4.png"},{"parent_id":"686","cid_str":"670;686;693","cid":"693","name":"\u79fb\u52a8\u786c\u76d8","pic":"pic\/cate_pic_5.png"},{"parent_id":"830","cid_str":"9987;830;13658","cid":"13658","name":"\u79fb\u52a8\u7535\u6e90","pic":"pic\/cate_pic_6.png"},{"parent_id":"677","cid_str":"670;677;682","cid":"682","name":"\u6563\u70ed\u5668","pic":"pic\/cate_pic_7.png"},{"parent_id":"686","cid_str":"670;686;826","cid":"826","name":"\u9f20\u6807\u57ab","pic":"pic\/cate_pic_8.png"},{"parent_id":"686","cid_str":"670;686;690","cid":"690","name":"\u9f20\u6807","pic":"pic\/cate_pic_9.png"},{"parent_id":"686","cid_str":"670;686;1047","cid":"1047","name":"\u63d2\u5ea7","pic":"pic\/cate_pic_10.png"},{"parent_id":"699","cid_str":"670;699;700","cid":"700","name":"\u8def\u7531\u5668","pic":"pic\/cate_pic_11.png"},{"parent_id":"671","cid_str":"670;671;1105","cid":"1105","name":"\u6e38\u620f\u672c","pic":"pic\/cate_pic_12.png"},{"parent_id":"686","cid_str":"670;686;1049","cid":"1049","name":"\u7ebf\u7f06","pic":"pic\/cate_pic_13.png"},{"parent_id":"830","cid_str":"9987;830;863","cid":"863","name":"\u84dd\u7259\u8033\u673a","pic":"pic\/cate_pic_14.png"},{"parent_id":"830","cid_str":"9987;830;867","cid":"867","name":"\u624b\u673a\u8d34\u819c","pic":"pic\/cate_pic_15.png"},{"parent_id":"729","cid_str":"670;729;7371","cid":"7371","name":"\u672c\u518c\/\u4fbf\u7b7e","pic":"pic\/cate_pic_16.png"},{"parent_id":"729","cid_str":"670;729;4840","cid":"4840","name":"\u6587\u4ef6\u7ba1\u7406","pic":"pic\/cate_pic_17.png"},{"parent_id":"671","cid_str":"670;671;2694","cid":"2694","name":"\u5e73\u677f\u7535\u8111","pic":"pic\/cate_pic_18.png"},{"parent_id":"729","cid_str":"670;729;1449","cid":"1449","name":"\u5b66\u751f\u6587\u5177","pic":"pic\/cate_pic_19.png"},{"parent_id":"699","cid_str":"670;699;702","cid":"702","name":"\u4ea4\u6362\u673a","pic":"pic\/cate_pic_20.png"},{"parent_id":"677","cid_str":"670;677;11303","cid":"11303","name":"SSD\u56fa\u6001\u786c\u76d8","pic":"pic\/cate_pic_21.png"},{"parent_id":"729","cid_str":"670;729;4837","cid":"4837","name":"\u529e\u516c\u6587\u5177","pic":"pic\/cate_pic_22.png"},{"parent_id":"830","cid_str":"9987;830;862","cid":"862","name":"\u624b\u673a\u8033\u673a","pic":"pic\/cate_pic_23.png"},{"parent_id":"686","cid_str":"670;686;1050","cid":"1050","name":"\u7535\u8111\u5de5\u5177","pic":"pic\/cate_pic_24.png"},{"parent_id":"1466","cid_str":"1318;1466;1695","cid":"1695","name":"\u7fbd\u6bdb\u7403","pic":"pic\/cate_pic_25.png"},{"parent_id":"830","cid_str":"9987;830;866","cid":"866","name":"\u624b\u673a\u4fdd\u62a4\u5957","pic":"pic\/cate_pic_26.png"},{"parent_id":"716","cid_str":"670;716;5010","cid":"5010","name":"\u6295\u5f71\u914d\u4ef6","pic":"pic\/cate_pic_27.png"},{"parent_id":"729","cid_str":"670;729;728","cid":"728","name":"\u8ba1\u7b97\u5668","pic":"pic\/cate_pic_28.png"},{"parent_id":"2577","cid_str":"1672;2577;5265","cid":"5265","name":"\u4e66\u5305","pic":"pic\/cate_pic_29.png"},{"parent_id":"699","cid_str":"670;699;11304","cid":"11304","name":"\u7f51\u7edc\u76d2\u5b50","pic":"pic\/cate_pic_30.png"},{"parent_id":"1462","cid_str":"1318;1462;1476","cid":"1476","name":"\u6237\u5916\u7167\u660e","pic":"pic\/cate_pic_31.png"},{"parent_id":"677","cid_str":"670;677;681","cid":"681","name":"\u4e3b\u677f","pic":"pic\/cate_pic_32.png"},{"parent_id":"699","cid_str":"670;699;701","cid":"701","name":"\u7f51\u5361","pic":"pic\/cate_pic_33.png"},{"parent_id":"671","cid_str":"670;671;5146","cid":"5146","name":"\u5e73\u677f\u7535\u8111\u914d\u4ef6","pic":"pic\/cate_pic_34.png"},{"parent_id":"1466","cid_str":"1318;1466;1698","cid":"1698","name":"\u7bee\u7403","pic":"pic\/cate_pic_35.png"},{"parent_id":"686","cid_str":"670;686;692","cid":"692","name":"\u6444\u50cf\u5934","pic":"pic\/cate_pic_36.png"},{"parent_id":"671","cid_str":"670;671;675","cid":"675","name":"\u7b14\u8bb0\u672c\u914d\u4ef6","pic":"pic\/cate_pic_37.png"},{"parent_id":"2577","cid_str":"1672;2577;2589","cid":"2589","name":"\u62c9\u6746\u7bb1","pic":"pic\/cate_pic_38.png"},{"parent_id":"699","cid_str":"670;699;1098","cid":"1098","name":"4G\/3G\u4e0a\u7f51","pic":"pic\/cate_pic_39.png"},{"parent_id":"2577","cid_str":"1672;2577;3998","cid":"3998","name":"\u4f11\u95f2\u8fd0\u52a8\u5305","pic":"pic\/cate_pic_40.png"},{"parent_id":"677","cid_str":"670;677;691","cid":"691","name":"\u7535\u6e90","pic":"pic\/cate_pic_41.png"},{"parent_id":"1462","cid_str":"1318;1462;2691","cid":"2691","name":"\u65c5\u6e38\u7528\u54c1","pic":"pic\/cate_pic_42.png"},{"parent_id":"830","cid_str":"9987;830;13657","cid":"13657","name":"\u624b\u673a\u7535\u6c60","pic":"pic\/cate_pic_43.png"},{"parent_id":"686","cid_str":"670;686;698","cid":"698","name":"\u624b\u5199\u677f","pic":"pic\/cate_pic_44.png"},{"parent_id":"677","cid_str":"670;677;687","cid":"687","name":"\u673a\u7bb1","pic":"pic\/cate_pic_45.png"},{"parent_id":"830","cid_str":"9987;830;864","cid":"864","name":"\u8f66\u8f7d\u914d\u4ef6","pic":"pic\/cate_pic_46.png"},{"parent_id":"677","cid_str":"670;677;679","cid":"679","name":"\u663e\u5361","pic":"pic\/cate_pic_47.png"},{"parent_id":"1462","cid_str":"1318;1462;1478","cid":"1478","name":"\u4fbf\u643a\u684c\u6905\u5e8a","pic":"pic\/cate_pic_48.png"},{"parent_id":"830","cid_str":"9987;830;12809","cid":"12809","name":"\u62cd\u7167\u914d\u4ef6","pic":"pic\/cate_pic_49.png"},{"parent_id":"1466","cid_str":"1318;1466;1697","cid":"1697","name":"\u8db3\u7403","pic":"pic\/cate_pic_50.png"},{"parent_id":"1462","cid_str":"1318;1462;1479","cid":"1479","name":"\u6237\u5916\u5de5\u5177","pic":"pic\/cate_pic_51.png"},{"parent_id":"677","cid_str":"670;677;684","cid":"684","name":"\u523b\u5f55\u673a\/\u5149\u9a71","pic":"pic\/cate_pic_52.png"},{"parent_id":"1466","cid_str":"1318;1466;1694","cid":"1694","name":"\u4e52\u4e53\u7403","pic":"pic\/cate_pic_53.png"},{"parent_id":"677","cid_str":"670;677;5009","cid":"5009","name":"\u88c5\u673a\u914d\u4ef6","pic":"pic\/cate_pic_54.png"},{"parent_id":"653","cid_str":"9987;653;659","cid":"659","name":"\u5bf9\u8bb2\u673a","pic":"pic\/cate_pic_55.png"},{"parent_id":"716","cid_str":"670;716;7374","cid":"7374","name":"\u5b89\u9632\u76d1\u63a7","pic":"pic\/cate_pic_56.png"},{"parent_id":"1463","cid_str":"1318;1463;1487","cid":"1487","name":"\u8fd0\u52a8\u62a4\u5177","pic":"pic\/cate_pic_57.png"},{"parent_id":"1466","cid_str":"1318;1466;1696","cid":"1696","name":"\u7f51\u7403","pic":"pic\/cate_pic_58.png"},{"parent_id":"716","cid_str":"670;716;11221","cid":"11221","name":"\u529e\u516c\u5bb6\u5177","pic":"pic\/cate_pic_59.png"},{"parent_id":"2577","cid_str":"1672;2577;2588","cid":"2588","name":"\u65c5\u884c\u5305","pic":"pic\/cate_pic_60.png"},{"parent_id":"1466","cid_str":"1318;1466;5155","cid":"5155","name":"\u68cb\u724c\u9ebb\u5c06","pic":"pic\/cate_pic_61.png"},{"parent_id":"2576","cid_str":"1672;2576;12071","cid":"12071","name":"\u53cc\u80a9\u5305","pic":"pic\/cate_pic_62.png"},{"parent_id":"1466","cid_str":"1318;1466;5156","cid":"5156","name":"\u5176\u4ed6","pic":"pic\/cate_pic_63.png"},{"parent_id":"2576","cid_str":"1672;2576;1455","cid":"1455","name":"\u5546\u52a1\u516c\u6587\u5305","pic":"pic\/cate_pic_64.png"},{"parent_id":"2576","cid_str":"1672;2576;5262","cid":"5262","name":"\u7537\u58eb\u624b\u5305","pic":"pic\/cate_pic_65.png"},{"parent_id":"830","cid_str":"9987;830;868","cid":"868","name":"\u521b\u610f\u914d\u4ef6","pic":"pic\/cate_pic_66.png"},{"parent_id":"1462","cid_str":"1318;1462;2629","cid":"2629","name":"\u6237\u5916\u914d\u9970","pic":"pic\/cate_pic_67.png"},{"parent_id":"1462","cid_str":"1318;1462;1475","cid":"1475","name":"\u767b\u5c71\u6500\u5ca9","pic":"pic\/cate_pic_68.png"},{"parent_id":"2577","cid_str":"1672;2577;4000","cid":"4000","name":"\u65c5\u884c\u914d\u4ef6","pic":"pic\/cate_pic_69.png"},{"parent_id":"1462","cid_str":"1318;1462;2631","cid":"2631","name":"\u6237\u5916\u4eea\u8868","pic":"pic\/cate_pic_70.png"},{"parent_id":"12800","cid_str":"670;12800;12802","cid":"12802","name":"\u6e38\u620f\u8033\u673a","pic":"pic\/cate_pic_71.png"},{"parent_id":"686","cid_str":"670;686;1051","cid":"1051","name":"\u7535\u8111\u6e05\u6d01","pic":"pic\/cate_pic_72.png"},{"parent_id":"807","cid_str":"670;807;808","cid":"808","name":"\u8d60\u54c1","pic":"pic\/cate_pic_73.png"},{"parent_id":"729","cid_str":"670;729;4838","cid":"4838","name":"\u523b\u5f55\u789f\u7247\/\u9644\u4ef6","pic":"pic\/cate_pic_74.png"},{"parent_id":"1466","cid_str":"1318;1466;1699","cid":"1699","name":"\u6392\u7403","pic":"pic\/cate_pic_75.png"},{"parent_id":"2577","cid_str":"1672;2577;5271","cid":"5271","name":"\u5988\u54aa\u5305","pic":"pic\/cate_pic_76.png"},{"parent_id":"1462","cid_str":"1318;1462;1480","cid":"1480","name":"\u671b\u8fdc\u955c","pic":"pic\/cate_pic_77.png"}]